test_name,summarized_test_result,num_runs,num_pass,num_error,num_fail
com.cloudera.oryx.common.collection.PairsTest.testOrderBy,pass,3600,3600,0,0
com.cloudera.oryx.common.collection.PairTest.testEquals,pass,3600,3600,0,0
com.cloudera.oryx.common.collection.PairTest.testHashCode,pass,3600,3600,0,0
com.cloudera.oryx.common.collection.PairTest.testToString,pass,3600,3600,0,0
com.cloudera.oryx.common.io.IOUtilsTest.testChooseFreePort,flaky,3600,3596,4,0
com.cloudera.oryx.common.io.IOUtilsTest.testCloseQuietly,pass,3600,3600,0,0
com.cloudera.oryx.common.io.IOUtilsTest.testDeleteRecursively,pass,3600,3600,0,0
com.cloudera.oryx.common.io.IOUtilsTest.testDistinctFreePorts,flaky,3600,3578,0,22
com.cloudera.oryx.common.io.IOUtilsTest.testListFiles,pass,3600,3600,0,0
com.cloudera.oryx.common.io.IOUtilsTest.testListFiles2,pass,3600,3600,0,0
com.cloudera.oryx.common.io.IOUtilsTest.testListSubdirs,pass,3600,3600,0,0
com.cloudera.oryx.common.io.IOUtilsTest.testListSubdirs2,pass,3600,3600,0,0
com.cloudera.oryx.common.io.IOUtilsTest.testOrder,pass,3600,3600,0,0
com.cloudera.oryx.common.lang.AutoLockTest.testAutoClose,pass,3600,3600,0,0
com.cloudera.oryx.common.lang.AutoLockTest.testClose,pass,3600,3600,0,0
com.cloudera.oryx.common.lang.AutoLockTest.testDefault,pass,3600,3600,0,0
com.cloudera.oryx.common.lang.AutoReadWriteLockTest.testDefault,pass,3600,3600,0,0
com.cloudera.oryx.common.lang.AutoReadWriteLockTest.testReadLock,pass,3600,3600,0,0
com.cloudera.oryx.common.lang.AutoReadWriteLockTest.testWriteLock,pass,3600,3600,0,0
com.cloudera.oryx.common.lang.ClassUtilsTest.tesInvocationException,pass,3600,3600,0,0
com.cloudera.oryx.common.lang.ClassUtilsTest.testExists,pass,3600,3600,0,0
com.cloudera.oryx.common.lang.ClassUtilsTest.testInstantiateWithArgs,pass,3600,3600,0,0
com.cloudera.oryx.common.lang.ClassUtilsTest.testLoadClass,pass,3600,3600,0,0
com.cloudera.oryx.common.lang.ClassUtilsTest.testLoadClass2,pass,3600,3600,0,0
com.cloudera.oryx.common.lang.ClassUtilsTest.testLoadInstanceOf,pass,3600,3600,0,0
com.cloudera.oryx.common.lang.ClassUtilsTest.testLoadInstanceOf2,pass,3600,3600,0,0
com.cloudera.oryx.common.lang.ClassUtilsTest.testLoadNonExistentClass,pass,3600,3600,0,0
com.cloudera.oryx.common.lang.ClassUtilsTest.testLoadNonExistentClass2,pass,3600,3600,0,0
com.cloudera.oryx.common.lang.ClassUtilsTest.testNoContextCL,pass,3600,3600,0,0
com.cloudera.oryx.common.lang.ClassUtilsTest.testNoSuchMethod,pass,3600,3600,0,0
com.cloudera.oryx.common.lang.ExecUtilsTest.testCollectInParallel,pass,3600,3600,0,0
com.cloudera.oryx.common.lang.ExecUtilsTest.testDoInParallel,pass,3600,3600,0,0
com.cloudera.oryx.common.lang.JVMUtilsTest.testRunHook,pass,3600,3600,0,0
com.cloudera.oryx.common.lang.JVMUtilsTest.testShutdownHook,pass,3600,3600,0,0
com.cloudera.oryx.common.lang.JVMUtilsTest.testUsedMemory,pass,3600,3600,0,0
com.cloudera.oryx.common.lang.LoggingTest.testAsRunnable,pass,3600,3600,0,0
com.cloudera.oryx.common.lang.LoggingTest.testLoggingCallable,pass,3600,3600,0,0
com.cloudera.oryx.common.lang.LoggingTest.testLoggingCallableException,pass,3600,3600,0,0
com.cloudera.oryx.common.lang.LoggingTest.testLoggingCallableException2,pass,3600,3600,0,0
com.cloudera.oryx.common.lang.RateLimitCheckTest.testLimit,pass,3600,3600,0,0
com.cloudera.oryx.common.math.DoubleWeightedMeanTest.testComplex,pass,3600,3600,0,0
com.cloudera.oryx.common.math.DoubleWeightedMeanTest.testCopyEquals,pass,3600,3600,0,0
com.cloudera.oryx.common.math.DoubleWeightedMeanTest.testNegative,pass,3600,3600,0,0
com.cloudera.oryx.common.math.DoubleWeightedMeanTest.testNone,pass,3600,3600,0,0
com.cloudera.oryx.common.math.DoubleWeightedMeanTest.testOne,pass,3600,3600,0,0
com.cloudera.oryx.common.math.DoubleWeightedMeanTest.testWeighted,pass,3600,3600,0,0
com.cloudera.oryx.common.math.LinearSystemSolverTest.testApparentRank,pass,3600,3600,0,0
com.cloudera.oryx.common.math.LinearSystemSolverTest.testNull,pass,3600,3600,0,0
com.cloudera.oryx.common.math.LinearSystemSolverTest.testSolveDToD,pass,3600,3600,0,0
com.cloudera.oryx.common.math.LinearSystemSolverTest.testSolveDToDPacked,pass,3600,3600,0,0
com.cloudera.oryx.common.math.LinearSystemSolverTest.testSolveFToF,pass,3600,3600,0,0
com.cloudera.oryx.common.math.VectorMathTest.testCosineSimilarity,pass,3600,3600,0,0
com.cloudera.oryx.common.math.VectorMathTest.testDotFF,pass,3600,3600,0,0
com.cloudera.oryx.common.math.VectorMathTest.testNormD,pass,3600,3600,0,0
com.cloudera.oryx.common.math.VectorMathTest.testNormF,pass,3600,3600,0,0
com.cloudera.oryx.common.math.VectorMathTest.testNullTranspose,pass,3600,3600,0,0
com.cloudera.oryx.common.math.VectorMathTest.testParseVector,pass,3600,3600,0,0
com.cloudera.oryx.common.math.VectorMathTest.testRandomF,pass,3600,3600,0,0
com.cloudera.oryx.common.math.VectorMathTest.testSmall,pass,3600,3600,0,0
com.cloudera.oryx.common.math.VectorMathTest.testTransposeTimesSelf,pass,3600,3600,0,0
com.cloudera.oryx.common.pmml.PMMLUtilsTest.testFromString,pass,3600,3600,0,0
com.cloudera.oryx.common.pmml.PMMLUtilsTest.testPreviousPMMLVersion,pass,3600,3600,0,0
com.cloudera.oryx.common.pmml.PMMLUtilsTest.testReadWrite,pass,3600,3600,0,0
com.cloudera.oryx.common.pmml.PMMLUtilsTest.testSkeleton,pass,3600,3600,0,0
com.cloudera.oryx.common.pmml.PMMLUtilsTest.testToString,pass,3600,3600,0,0
com.cloudera.oryx.common.random.RandomManagerRandomTest.testRandomState,pass,3600,3600,0,0
com.cloudera.oryx.common.random.RandomManagerTest.testRandomState,pass,3600,3600,0,0
com.cloudera.oryx.common.random.RandomManagerTest.testRandomStateWithSeed,pass,3600,3600,0,0
com.cloudera.oryx.common.random.RandomManagerTest.testUnseededRandomState,pass,3600,3600,0,0
com.cloudera.oryx.common.settings.ConfigToPropertiesTest.testToProperties,pass,3600,3600,0,0
com.cloudera.oryx.common.settings.ConfigUtilsTest.testBadKeyValuesToProperties,pass,3600,3600,0,0
com.cloudera.oryx.common.settings.ConfigUtilsTest.testDefaultConfig,pass,3600,3600,0,0
com.cloudera.oryx.common.settings.ConfigUtilsTest.testOptionalDouble,pass,3600,3600,0,0
com.cloudera.oryx.common.settings.ConfigUtilsTest.testOptionalString,pass,3600,3600,0,0
com.cloudera.oryx.common.settings.ConfigUtilsTest.testOptionalStringList,pass,3600,3600,0,0
com.cloudera.oryx.common.settings.ConfigUtilsTest.testOverlayOn,pass,3600,3600,0,0
com.cloudera.oryx.common.settings.ConfigUtilsTest.testPrettyPrint,pass,3600,3600,0,0
com.cloudera.oryx.common.settings.ConfigUtilsTest.testRedact,pass,3600,3600,0,0
com.cloudera.oryx.common.settings.ConfigUtilsTest.testSerialize,pass,3600,3600,0,0
com.cloudera.oryx.common.settings.ConfigUtilsTest.testSetPath,pass,3600,3600,0,0
com.cloudera.oryx.common.settings.ConfigUtilsTest.tetKeyValuesToProperties,pass,3600,3600,0,0
com.cloudera.oryx.common.text.TextUtilsTest.testConvertViaJSON,pass,3600,3600,0,0
com.cloudera.oryx.common.text.TextUtilsTest.testJoinDelimited,pass,3600,3600,0,0
com.cloudera.oryx.common.text.TextUtilsTest.testJoinJSON,pass,3600,3600,0,0
com.cloudera.oryx.common.text.TextUtilsTest.testJoinPMMLDelimited,pass,3600,3600,0,0
com.cloudera.oryx.common.text.TextUtilsTest.testJoinPMMLDelimitedNumbers,pass,3600,3600,0,0
com.cloudera.oryx.common.text.TextUtilsTest.testJSONList,pass,3600,3600,0,0
com.cloudera.oryx.common.text.TextUtilsTest.testJSONMap,pass,3600,3600,0,0
com.cloudera.oryx.common.text.TextUtilsTest.testParseDelimited,pass,3600,3600,0,0
com.cloudera.oryx.common.text.TextUtilsTest.testParseJSON,pass,3600,3600,0,0
com.cloudera.oryx.common.text.TextUtilsTest.testParsePMMLDelimited,pass,3600,3600,0,0
com.cloudera.oryx.common.text.TextUtilsTest.testReadJSON,pass,3600,3600,0,0
