https://github.com/apache/incubator-dubbo,737f7a7ea67832d7f17517326fb2491d0a086dd7,org.apache.dubbo.remoting.transport.netty.ThreadNameTest.testThreadName,./dubbo-remoting/dubbo-remoting-netty,flaky,4000,3988,0,12
https://github.com/c2mon/c2mon,d80687b119c713dd177a58cf53a997d8cc5ca264,cern.c2mon.server.common.republisher.RepublisherImplTest.testMultipleExceptions,./c2mon-server/c2mon-server-common,flaky,4000,3959,0,41
https://github.com/c2mon/c2mon,d80687b119c713dd177a58cf53a997d8cc5ca264,cern.c2mon.server.common.republisher.RepublisherImplTest.testMultiplePublicationsWithExceptions,./c2mon-server/c2mon-server-common,flaky,4000,3957,0,43
https://github.com/davidmoten/rxjava2-extras,d0315b6ecb0d24437ec0d440b6d768e89247d56c,com.github.davidmoten.rx2.buffertofile.FlowableOnBackpressureBufferToFileTest.testCancel,.,flaky,4000,3999,0,1
https://github.com/davidmoten/rxjava2-extras,d0315b6ecb0d24437ec0d440b6d768e89247d56c,com.github.davidmoten.rx2.internal.flowable.FlowableServerSocketTest.testLoad,.,flaky,4000,3999,0,1
https://github.com/espertechinc/esper,590fa9c9eb854f1420b9d337b802aca19f963cc0,com.espertech.esper.example.rfidassetzone.TestLRMovingSimMain.testSim,./examples/rfidassetzone,flaky,4000,3854,146,0
https://github.com/feroult/yawp,b3bcf9c958d51b3b3f8fdd0ccc26923d5a531da1,io.yawp.testing.appengine.pipes.flow.FlowDropsTest.testFlowDropsToSameSink,./yawp-testing/yawp-testing-appengine,flaky,4000,3905,18,77
https://github.com/flaxsearch/luwak,c27ec08c803db6ca6be1b6e8017f45667e603161,uk.co.flax.luwak.matchers.TestParallelMatcher.testParallelSlowLog,./luwak,flaky,4000,1658,0,2342
https://github.com/flaxsearch/luwak,c27ec08c803db6ca6be1b6e8017f45667e603161,uk.co.flax.luwak.matchers.TestPartitionMatcher.testParallelSlowLog,./luwak,flaky,4000,1272,0,2728
https://github.com/javadelight/delight-nashorn-sandbox,da35edc0a75424bad8cbf60959fae253202154c4,delight.nashornsandbox.TestGetFunction.test,.,flaky,4000,3832,168,0
https://github.com/javadelight/delight-nashorn-sandbox,da35edc0a75424bad8cbf60959fae253202154c4,delight.nashornsandbox.TestMemoryLimit.test_no_abuse,.,flaky,4000,1718,0,2282
https://github.com/kagkarlsson/db-scheduler,4a8a28e60640dcd03e8d3bf212f483d35b0b6310,com.github.kagkarlsson.scheduler.compatibility.HsqlCompatibilityTest.test_compatibility,.,flaky,4000,3964,29,7
https://github.com/looly/hutool,91565d052d2771dd26547e79c619ee8c31497e8f,cn.hutool.cron.test.CronTest.matchAllTest,./hutool-cron,flaky,4000,3939,0,61
https://github.com/nationalsecurityagency/timely,3a8cbd3378cffdc96aad1c52e9b0b2e1481ca45f,timely.store.iterators.TimeSeriesGroupingIteratorTest.testAdditionalTimeSeries,./server,flaky,4000,3948,0,52
https://github.com/nationalsecurityagency/timely,3a8cbd3378cffdc96aad1c52e9b0b2e1481ca45f,timely.store.iterators.TimeSeriesGroupingIteratorTest.testManySparseTimeSeries,./server,flaky,4000,3893,0,107
https://github.com/nationalsecurityagency/timely,3a8cbd3378cffdc96aad1c52e9b0b2e1481ca45f,timely.store.iterators.TimeSeriesGroupingIteratorTest.testMultipleTimeSeriesMovingAverage,./server,flaky,4000,3888,0,112
https://github.com/nationalsecurityagency/timely,3a8cbd3378cffdc96aad1c52e9b0b2e1481ca45f,timely.store.iterators.TimeSeriesGroupingIteratorTest.testTimeSeriesDropOff,./server,flaky,4000,3882,0,118
https://github.com/oracle/oci-java-sdk,2e9982f268420efd4010d8dc8370e9d9ade67ec2,com.oracle.bmc.objectstorage.transfer.ProgressTrackerTest.singleUploadProgressTrackerFactory_resetProgressTracker,./bmc-objectstorage/bmc-objectstorage-extensions,flaky,4000,3999,1,0
https://github.com/orbit/orbit,c4904af2f3745fea93871493edd7e09348e77768,cloud.orbit.actors.extensions.test.LengthFieldHandlerTest.randomMessages,./actors/runtime,flaky,4000,3993,0,7
https://github.com/OryxProject/oryx,72ae4bb3cc49d92b77e76d8a30fca8b6549b8865,com.cloudera.oryx.common.io.IOUtilsTest.testDistinctFreePorts,./framework/oryx-common,flaky,4000,3960,0,40
https://github.com/square/retrofit,ae28c3d5f6fe54f6ca409cdf82106efb47609f8f,retrofit2.CallTest.cancelRequest,./retrofit,flaky,4000,3992,0,8
https://github.com/TooTallNate/Java-WebSocket,fa3909c391195178ccf5a92d4ac342a30ae247c8,org.java_websocket.issues.Issue256Test.runReconnectBlockingScenario0,.,flaky,4000,3960,36,4
https://github.com/TooTallNate/Java-WebSocket,fa3909c391195178ccf5a92d4ac342a30ae247c8,org.java_websocket.issues.Issue256Test.runReconnectBlockingScenario1,.,flaky,4000,3957,42,1
https://github.com/TooTallNate/Java-WebSocket,fa3909c391195178ccf5a92d4ac342a30ae247c8,org.java_websocket.issues.Issue256Test.runReconnectBlockingScenario2,.,flaky,4000,3968,29,3
https://github.com/TooTallNate/Java-WebSocket,fa3909c391195178ccf5a92d4ac342a30ae247c8,org.java_websocket.issues.Issue256Test.runReconnectBlockingScenario3,.,flaky,4000,3961,38,1
https://github.com/TooTallNate/Java-WebSocket,fa3909c391195178ccf5a92d4ac342a30ae247c8,org.java_websocket.issues.Issue256Test.runReconnectBlockingScenario4,.,flaky,4000,3965,34,1
https://github.com/TooTallNate/Java-WebSocket,fa3909c391195178ccf5a92d4ac342a30ae247c8,org.java_websocket.issues.Issue256Test.runReconnectBlockingScenario5,.,flaky,4000,3969,29,2
https://github.com/TooTallNate/Java-WebSocket,fa3909c391195178ccf5a92d4ac342a30ae247c8,org.java_websocket.issues.Issue256Test.runReconnectBlockingScenario6,.,flaky,4000,3968,31,1
https://github.com/TooTallNate/Java-WebSocket,fa3909c391195178ccf5a92d4ac342a30ae247c8,org.java_websocket.issues.Issue256Test.runReconnectBlockingScenario7,.,flaky,4000,3957,43,0
https://github.com/TooTallNate/Java-WebSocket,fa3909c391195178ccf5a92d4ac342a30ae247c8,org.java_websocket.issues.Issue256Test.runReconnectBlockingScenario8,.,flaky,4000,3957,43,0
https://github.com/TooTallNate/Java-WebSocket,fa3909c391195178ccf5a92d4ac342a30ae247c8,org.java_websocket.issues.Issue256Test.runReconnectBlockingScenario9,.,flaky,4000,3979,20,1
https://github.com/TooTallNate/Java-WebSocket,fa3909c391195178ccf5a92d4ac342a30ae247c8,org.java_websocket.issues.Issue256Test.runReconnectScenario0,.,flaky,4000,3340,654,6
https://github.com/TooTallNate/Java-WebSocket,fa3909c391195178ccf5a92d4ac342a30ae247c8,org.java_websocket.issues.Issue256Test.runReconnectScenario1,.,flaky,4000,3340,653,7
https://github.com/TooTallNate/Java-WebSocket,fa3909c391195178ccf5a92d4ac342a30ae247c8,org.java_websocket.issues.Issue256Test.runReconnectScenario2,.,flaky,4000,3365,627,8
https://github.com/TooTallNate/Java-WebSocket,fa3909c391195178ccf5a92d4ac342a30ae247c8,org.java_websocket.issues.Issue256Test.runReconnectScenario3,.,flaky,4000,3356,636,8
https://github.com/TooTallNate/Java-WebSocket,fa3909c391195178ccf5a92d4ac342a30ae247c8,org.java_websocket.issues.Issue256Test.runReconnectScenario4,.,flaky,4000,3368,617,15
https://github.com/TooTallNate/Java-WebSocket,fa3909c391195178ccf5a92d4ac342a30ae247c8,org.java_websocket.issues.Issue256Test.runReconnectScenario5,.,flaky,4000,3336,658,6
https://github.com/TooTallNate/Java-WebSocket,fa3909c391195178ccf5a92d4ac342a30ae247c8,org.java_websocket.issues.Issue256Test.runReconnectScenario6,.,flaky,4000,3387,605,8
https://github.com/TooTallNate/Java-WebSocket,fa3909c391195178ccf5a92d4ac342a30ae247c8,org.java_websocket.issues.Issue256Test.runReconnectScenario7,.,flaky,4000,3406,588,6
https://github.com/TooTallNate/Java-WebSocket,fa3909c391195178ccf5a92d4ac342a30ae247c8,org.java_websocket.issues.Issue256Test.runReconnectScenario8,.,flaky,4000,3347,639,14
https://github.com/TooTallNate/Java-WebSocket,fa3909c391195178ccf5a92d4ac342a30ae247c8,org.java_websocket.issues.Issue256Test.runReconnectScenario9,.,flaky,4000,3371,624,5
https://github.com/TooTallNate/Java-WebSocket,fa3909c391195178ccf5a92d4ac342a30ae247c8,org.java_websocket.issues.Issue580Test.runNoCloseBlockingTestScenario4,.,flaky,4000,3999,0,1
https://github.com/TooTallNate/Java-WebSocket,fa3909c391195178ccf5a92d4ac342a30ae247c8,org.java_websocket.issues.Issue677Test.testIssue,.,flaky,4000,3992,0,8
https://github.com/TooTallNate/Java-WebSocket,fa3909c391195178ccf5a92d4ac342a30ae247c8,org.java_websocket.issues.Issue713Test.testIssue,.,flaky,4000,3994,6,0
https://github.com/TooTallNate/Java-WebSocket,fa3909c391195178ccf5a92d4ac342a30ae247c8,org.java_websocket.misc.OpeningHandshakeRejectionTest.testHandshakeRejectionTestCase0,.,flaky,4000,3999,0,1
https://github.com/wro4j/wro4j,185ab607f1d649ca38b4a772831ee754cd4649fb,ro.isdc.wro.extensions.processor.TestBourbonCssProcessor.shouldBeThreadSafe,./wro4j-extensions,flaky,4000,3988,12,0
https://github.com/wro4j/wro4j,185ab607f1d649ca38b4a772831ee754cd4649fb,ro.isdc.wro.extensions.processor.TestRubySassCssProcessor.shouldBeThreadSafe,./wro4j-extensions,flaky,4000,3988,12,0
https://github.com/wro4j/wro4j,185ab607f1d649ca38b4a772831ee754cd4649fb,ro.isdc.wro.extensions.processor.TestRubySassCssProcessor.shouldBeThreadSafeWhenInitializingProcessor,./wro4j-extensions,flaky,4000,3985,15,0
https://github.com/wso2/carbon-apimgt,a82213e40e7e6aa529341fdd1d1c3de776949e64,org.wso2.carbon.apimgt.throttling.siddhi.extension.ThrottleTimeBatchWindowTestCase.throttleTimeWindowBatchTest2,./analyzer-modules/org.wso2.carbon.apimgt.throttling.siddhi.extension,flaky,4000,3996,0,4
https://github.com/zalando/riptide,8277e11fc069d8e24df0d233ef2577cc75659b75,org.zalando.riptide.failsafe.RetryAfterDelayFunctionTest.shouldRetryWithDynamicDelayDate,./riptide-failsafe,flaky,4000,2438,1562,0
