1517ac5a7da409c1d2b6f25aa98fad7d,7,./dubbo-remoting/dubbo-remoting-netty,https://github.com/apache/incubator-dubbo,737f7a7ea67832d7f17517326fb2491d0a086dd7
1d42f260caf1603423f173cfafd87eb4,7,./dubbo-remoting/dubbo-remoting-netty,https://github.com/apache/incubator-dubbo,737f7a7ea67832d7f17517326fb2491d0a086dd7
2ea5194599e0426905b440e6f4c5e30f,7,./dubbo-remoting/dubbo-remoting-netty,https://github.com/apache/incubator-dubbo,737f7a7ea67832d7f17517326fb2491d0a086dd7
38246e6706cc763ea07e5232bbde0480,7,./dubbo-remoting/dubbo-remoting-netty,https://github.com/apache/incubator-dubbo,737f7a7ea67832d7f17517326fb2491d0a086dd7
4838ae9f0a4aadcff3dde885d906ebdb,7,./dubbo-remoting/dubbo-remoting-netty,https://github.com/apache/incubator-dubbo,737f7a7ea67832d7f17517326fb2491d0a086dd7
484049f3e16586725bb4480283fde85e,7,./dubbo-remoting/dubbo-remoting-netty,https://github.com/apache/incubator-dubbo,737f7a7ea67832d7f17517326fb2491d0a086dd7
48b851b86c4b4f658c2ca8a9567c2999,7,./dubbo-remoting/dubbo-remoting-netty,https://github.com/apache/incubator-dubbo,737f7a7ea67832d7f17517326fb2491d0a086dd7
4befb6f07f54f71e43b84fb5f22e2d66,7,./dubbo-remoting/dubbo-remoting-netty,https://github.com/apache/incubator-dubbo,737f7a7ea67832d7f17517326fb2491d0a086dd7
4c23742a99aed01964c831cd3bfb6ee8,7,./dubbo-remoting/dubbo-remoting-netty,https://github.com/apache/incubator-dubbo,737f7a7ea67832d7f17517326fb2491d0a086dd7
50abb2a08cf458f7b000eb59d8294da5,7,./dubbo-remoting/dubbo-remoting-netty,https://github.com/apache/incubator-dubbo,737f7a7ea67832d7f17517326fb2491d0a086dd7
92f46c785a19c375ffe019340596e354,7,./dubbo-remoting/dubbo-remoting-netty,https://github.com/apache/incubator-dubbo,737f7a7ea67832d7f17517326fb2491d0a086dd7
945f156b122c6bc508e6f6e66c18f7c0,7,./dubbo-remoting/dubbo-remoting-netty,https://github.com/apache/incubator-dubbo,737f7a7ea67832d7f17517326fb2491d0a086dd7
9e05dcfb5f551e62347ca8239162a843,7,./dubbo-remoting/dubbo-remoting-netty,https://github.com/apache/incubator-dubbo,737f7a7ea67832d7f17517326fb2491d0a086dd7
b438d9893f57133c91b7611da4cc5a3e,7,./dubbo-remoting/dubbo-remoting-netty,https://github.com/apache/incubator-dubbo,737f7a7ea67832d7f17517326fb2491d0a086dd7
ba7a09c6f83574a3763216c68d21c819,7,./dubbo-remoting/dubbo-remoting-netty,https://github.com/apache/incubator-dubbo,737f7a7ea67832d7f17517326fb2491d0a086dd7
becf6d20b8b905b68f6ae6877f14a268,7,./dubbo-remoting/dubbo-remoting-netty,https://github.com/apache/incubator-dubbo,737f7a7ea67832d7f17517326fb2491d0a086dd7
e1f4442793b1d096a6f16f088a1e8f69,7,./dubbo-remoting/dubbo-remoting-netty,https://github.com/apache/incubator-dubbo,737f7a7ea67832d7f17517326fb2491d0a086dd7
ee1fdffe4f6f2f3756dacbbdfcf1269f,7,./dubbo-remoting/dubbo-remoting-netty,https://github.com/apache/incubator-dubbo,737f7a7ea67832d7f17517326fb2491d0a086dd7
f405611cf0666b5b5a1fd2646370292b,7,./dubbo-remoting/dubbo-remoting-netty,https://github.com/apache/incubator-dubbo,737f7a7ea67832d7f17517326fb2491d0a086dd7
f73f38f45f16682cbb894c822ec3134f,7,./dubbo-remoting/dubbo-remoting-netty,https://github.com/apache/incubator-dubbo,737f7a7ea67832d7f17517326fb2491d0a086dd7
fcd0538c0d001f7a19b598a309ce7ebc,7,./dubbo-remoting/dubbo-remoting-netty,https://github.com/apache/incubator-dubbo,737f7a7ea67832d7f17517326fb2491d0a086dd7
