39facb47a0b8cdbdd0f9d3f3edb1e113,4,.,https://github.com/codingchili/excelastic,6bb7884b1e70f9e588d75bdaf132a84f6e896a7a
4a6ddd5bddc5c759cff8c15931f76c57,4,.,https://github.com/codingchili/excelastic,6bb7884b1e70f9e588d75bdaf132a84f6e896a7a
5d25830efa1a7ce8ea141a1721a72643,4,.,https://github.com/codingchili/excelastic,6bb7884b1e70f9e588d75bdaf132a84f6e896a7a
64ba41b79674c41b655ae64d00f99ecd,4,.,https://github.com/codingchili/excelastic,6bb7884b1e70f9e588d75bdaf132a84f6e896a7a
672ae6ec8ea33a1f87217d165bd40db3,4,.,https://github.com/codingchili/excelastic,6bb7884b1e70f9e588d75bdaf132a84f6e896a7a
925a7a4a508fb190101b1ef1aca4b14a,4,.,https://github.com/codingchili/excelastic,6bb7884b1e70f9e588d75bdaf132a84f6e896a7a
9e4fc538ecd7e58f00f01eb2be404a16,4,.,https://github.com/codingchili/excelastic,6bb7884b1e70f9e588d75bdaf132a84f6e896a7a
a904f6f0dc9397a1cbdf1cdf85970b6f,4,.,https://github.com/codingchili/excelastic,6bb7884b1e70f9e588d75bdaf132a84f6e896a7a
b8c7b77dfc5270d258debd6d2d93eb15,4,.,https://github.com/codingchili/excelastic,6bb7884b1e70f9e588d75bdaf132a84f6e896a7a
c7cc302efed9b91a1e9a9a8fe5e5c7a0,4,.,https://github.com/codingchili/excelastic,6bb7884b1e70f9e588d75bdaf132a84f6e896a7a
e8eb8dbab65da34db83f2b1978a179f8,4,.,https://github.com/codingchili/excelastic,6bb7884b1e70f9e588d75bdaf132a84f6e896a7a
ef34402a85264d5298e6c590b1ab4b89,4,.,https://github.com/codingchili/excelastic,6bb7884b1e70f9e588d75bdaf132a84f6e896a7a
