020c6d7c053e0db119091e97f3b04eee,12,./riptide-failsafe,https://github.com/zalando/riptide,8277e11fc069d8e24df0d233ef2577cc75659b75
0e654343f9a0906abaab131a5b25640d,12,./riptide-failsafe,https://github.com/zalando/riptide,8277e11fc069d8e24df0d233ef2577cc75659b75
10be515852872076cf5de5a742b735f9,12,./riptide-failsafe,https://github.com/zalando/riptide,8277e11fc069d8e24df0d233ef2577cc75659b75
1d0d4b41926fff8d5d26203ae95eaf5a,12,./riptide-failsafe,https://github.com/zalando/riptide,8277e11fc069d8e24df0d233ef2577cc75659b75
2a981aeee536816add1e34785cece7f9,12,./riptide-failsafe,https://github.com/zalando/riptide,8277e11fc069d8e24df0d233ef2577cc75659b75
5272dc6a7a26df3ee7770e420a9b04b3,12,./riptide-failsafe,https://github.com/zalando/riptide,8277e11fc069d8e24df0d233ef2577cc75659b75
571f5600e83f17b23d51a5b72c8f93a1,12,./riptide-failsafe,https://github.com/zalando/riptide,8277e11fc069d8e24df0d233ef2577cc75659b75
6042b52091ccd69f3b16425da764a66f,12,./riptide-failsafe,https://github.com/zalando/riptide,8277e11fc069d8e24df0d233ef2577cc75659b75
6a898f9adbe03ae4f729bdeff456d70e,12,./riptide-failsafe,https://github.com/zalando/riptide,8277e11fc069d8e24df0d233ef2577cc75659b75
76b985080075859cb7d1e13d3e69bf94,12,./riptide-failsafe,https://github.com/zalando/riptide,8277e11fc069d8e24df0d233ef2577cc75659b75
775961562cd185d5f1446b1b442a92d9,12,./riptide-failsafe,https://github.com/zalando/riptide,8277e11fc069d8e24df0d233ef2577cc75659b75
7959cb446739a40e05b0ed63efb3d04b,12,./riptide-failsafe,https://github.com/zalando/riptide,8277e11fc069d8e24df0d233ef2577cc75659b75
8259f5a0c395be976e56f105374e4315,12,./riptide-failsafe,https://github.com/zalando/riptide,8277e11fc069d8e24df0d233ef2577cc75659b75
90e9a519502d28cb9ba2120749cc53a8,12,./riptide-failsafe,https://github.com/zalando/riptide,8277e11fc069d8e24df0d233ef2577cc75659b75
9b7bcf0c41c9a8f81a014f0309fc097f,12,./riptide-failsafe,https://github.com/zalando/riptide,8277e11fc069d8e24df0d233ef2577cc75659b75
a94da40dee49b060b8ee58deb62cf688,12,./riptide-failsafe,https://github.com/zalando/riptide,8277e11fc069d8e24df0d233ef2577cc75659b75
af6306c6d1d66496f73458c40870427f,12,./riptide-failsafe,https://github.com/zalando/riptide,8277e11fc069d8e24df0d233ef2577cc75659b75
b47170014e0c542e326f88f781ed0f94,12,./riptide-failsafe,https://github.com/zalando/riptide,8277e11fc069d8e24df0d233ef2577cc75659b75
bd3e36307b12dcae7a813b1132eb9da3,12,./riptide-failsafe,https://github.com/zalando/riptide,8277e11fc069d8e24df0d233ef2577cc75659b75
bdef11ab7715c4d245e19112d5f509eb,12,./riptide-failsafe,https://github.com/zalando/riptide,8277e11fc069d8e24df0d233ef2577cc75659b75
cc784f3f43cc2bc4dd316b297b64218b,12,./riptide-failsafe,https://github.com/zalando/riptide,8277e11fc069d8e24df0d233ef2577cc75659b75
